<process>
  <admin rights="admin">
    <template name="admin" />
    <handle provider="Admin" />
    <load provider="Admin" place="basedata" action="adminmenu" />
    <choose>
      <template name="choose" />
      <file>
        <load provider="File" place="contentone" action="tree" />
      </file>
      <folder>
        <load provider="File" place="contentone" action="tree" />
      </folder>
      <page>
        <load provider="Page" place="contentone" action="tree" />
      </page>
    </choose>
    <changelog>
      <load provider="LoadXml" place="contenttwo" action="changelog" />
    </changelog>
    <file>
      <handle provider="File" />
      <load provider="File" place="contentone" action="tree" />
      <edit notnull="true">
        <file>
          <load provider="File" place="contenttwo" action="file" />
        </file>
        <folder>
          <load provider="File" place="contenttwo" action="folder" />
        </folder>
      </edit>
    </file>
    <page>
      <handle provider="Page" />
      <load provider="Page" place="contentone" action="tree" />
      <edit notnull="true">
        <load provider="Page" place="contenttwo" action="page" />
        <load provider="Page" place="basedata" action="elementlist" />
        <load provider="Page" place="basedata" action="pagestatus" />
      </edit>
    </page>
    <user>
      <handle provider="User" />
      <load provider="User" place="contentone" action="users" />
      <load provider="User" place="contentone" action="groups" />
      <load provider="User" place="contenttwo" action="user" />
    </user>
  </admin>
  <show>
    <template name="show" />
    <load provider="Page" place="contentone" action="tree" />
    <load provider="Page" place="contenttwo" action="page" />
    <handle provider="Form" />
  </show>
  <download notnull="true">
    <load provider="File" action="download" />
  </download>
  <load provider="Referrer" place="referrer" action="log" />
  <login>
    <template name="login" />
  </login>
</process>