﻿<?xml version="1.0" encoding="utf-8"?>
<page>
  <attributes>
    <pagename>About</pagename>
    <name>about</name>
    <menuname>About</menuname>
    <pageidentifier>english/about</pageidentifier>
    <status>open</status>
    <lastedited></lastedited>
  </attributes>
  <containers>
    <container name="content">
      <elements>
        <element type="paragraph">
          <header>Welcome to Sharpcms</header>
          <headerstyle>Header1</headerstyle>
          <text>&lt;p&gt;This is Beta 3 of Sharpcms.&lt;/p&gt;</text>
          <link></link>
          <picture></picture>
          <picturepos>Left</picturepos>
        </element>
      </elements>
    </container>
    <container name="testing">
      <elements />
    </container>
  </containers>
</page>