<?xml version="1.0" encoding="utf-8" ?> 
<process>
	<admin>
		<page>
			<handle provider="Page" />
			<load provider="Page"  place="contentone" action="tree"/>
			<edit notnull="true">
        <load provider="Page" place="contenttwo" action="page"/>
				<load provider="Page" place="basedata" action="elementlist"/>
        <load provider="Page" place="basedata" action="pagestatus"/>
			 
			</edit>
		</page>
		<choose>
			<page>
				<load provider="Page" place="contentone" action="tree"/>
			</page>
		</choose>

	</admin>


</process>
